[
  {
    "ASMSignature": true,
    "Key": "TARGET",
    "PointerPath": [
      0,
      144
    ],
    "Value": "41bc000000e041bd01000000493bc47555488d0d"
  },
  {
    "ASMSignature": true,
    "Key": "CHATLOG",
    "PointerPath": [
      0,
      0,
      64,
      908
    ],
    "Value": "e8********85c0740e488b0d********33D2E8********488b0d"
  },
  {
    "ASMSignature": true,
    "Key": "CHARMAP",
    "PointerPath": [
      0,
      0
    ],
    "Value": "488b420848c1e8033da701000077248bc0488d0d"
  },
  {
    "ASMSignature": true,
    "Key": "PARTYMAP",
    "PointerPath": [
      0,
      752
    ],
    "Value": "488D7C242066660F1F840000000000488B17488D0D"
  },
  {
    "ASMSignature": true,
    "Key": "PARTYCOUNT",
    "PointerPath": [
      0,
      1
    ],
    "Value": "CCCCCCCC803D******0100751D803D"
  },
  {
    "ASMSignature": true,
    "Key": "MAPINFO",
    "PointerPath": [
      0,
      16
    ],
    "Value": "E8********CCCCCCCCCC48895C2408574883EC208B05"
  },
  {
    "ASMSignature": true,
    "Key": "ZONEINFO",
    "PointerPath": [
      0,
      -8
    ],
    "Value": "488D0D********E8********488D0D********89842490000000E8********898424940000008B05"
  },
  {
    "ASMSignature": true,
    "Key": "PLAYERINFO",
    "PointerPath": [
      0,
      0
    ],
    "Value": "83f9ff7412448b048e8bd3488d0d"
  },
  {
    "ASMSignature": true,
    "Key": "ENMITYMAP",
    "PointerPath": [
      0,
      -4656
    ],
    "Value": "83f9ff7412448b048e8bd3488d0d"
  },
  {
    "ASMSignature": true,
    "Key": "ENMITY_COUNT",
    "PointerPath": [
      0,
      -2352
    ],
    "Value": "83f9ff7412448b048e8bd3488d0d"
  },
  {
    "ASMSignature": true,
    "Key": "AGROMAP",
    "PointerPath": [
      0,
      -2344
    ],
    "Value": "83f9ff7412448b048e8bd3488d0d"
  },
  {
    "ASMSignature": true,
    "Key": "AGRO_COUNT",
    "PointerPath": [
      0,
      -40
    ],
    "Value": "83f9ff7412448b048e8bd3488d0d"
  },
  {
    "ASMSignature": true,
    "Key": "HOTBAR",
    "PointerPath": [
      0,
      0,
      56,
      48,
      40,
      32,
      0,
      0
    ],
    "Value": "488B4708498B5D00498B7728488B3D"
  },
  {
    "ASMSignature": true,
    "Key": "RECAST",
    "PointerPath": [
      0,
      0,
      56,
      24,
      48,
      32,
      60
    ],
    "Value": "488B4708498B5D00498B7728488B3D"
  },
  {
    "ASMSignature": true,
    "Key": "INVENTORY",
    "PointerPath": [
      0,
      0
    ],
    "Value": "48895C2408488974241048897C2418488B3D"
  }
]