﻿{
  "ActorItem": {
    "ActionStatus": 6362,
    "AgroFlags": 6389,
    "CastingID": 7252,
    "CastingProgress": 7300,
    "CastingTargetID": 7264,
    "CastingTime": 7304,
    "ClaimedByID": 5832,
    "CombatFlags": 6409,
    "CPCurrent": 6330,
    "CPMax": 6332,
    "DefaultBaseOffset": 0,
    "DefaultStatOffset": 0,
    "DefaultStatusEffectOffset": 6408,
    "DifficultyRank": 6385,
    "Distance": 146,
    "EntityCount": 474,
    "EventObjectType": 190,
    "Fate": 228,
    "GatheringInvisible": 148,
    "GatheringStatus": 145,
    "GPCurrent": 6326,
    "GPMax": 6328,
    "GrandCompany": 6381,
    "GrandCompanyRank": 6381,
    "Heading": 176,
    "HitBoxRadius": 192,
    "HPCurrent": 6308,
    "HPMax": 6312,
    "Icon": 6368,
    "ID": 116,
    "IsCasting1": 7248,
    "IsCasting2": 7249,
    "IsGM": 396,
    "Job": 6364,
    "Level": 6366,
    "ModelID": 6268,
    "MPCurrent": 6316,
    "MPMax": 6320,
    "Name": 48,
    "NPCID1": 120,
    "NPCID2": 128,
    "OwnerID": 132,
    "SourceSize": 9200,
    "Status": 6374,
    "TargetFlags": 148,
    "TargetID": 6176,
    "TargetType": 464,
    "Title": 6334,
    "TPCurrent": 6324,
    "Type": 140,
    "X": 160,
    "Y": 168,
    "Z": 164
  },
  "ChatLogPointers": {
    "LogEnd": 92,
    "LogNext": 84,
    "LogStart": 76,
    "OffsetArrayEnd": 68,
    "OffsetArrayPos": 60,
    "OffsetArrayStart": 52
  },
  "CurrentPlayer": {
    "ACN": 142,
    "ACN_CurrentEXP": 236,
    "ALC": 132,
    "ALC_CurrentEXP": 216,
    "ARC": 112,
    "ARC_CurrentEXP": 176,
    "ARM": 124,
    "ARM_CurrentEXP": 200,
    "AST": 150,
    "AST_CurrentEXP": 252,
    "AttackMagicPotency": 468,
    "AttackPower": 416,
    "BaseDexterity": 316,
    "BaseIntelligence": 324,
    "BaseMind": 328,
    "BasePiety": 332,
    "BaseStrength": 312,
    "BaseVitality": 320,
    "BluntResistance": 0,
    "BSM": 122,
    "BSM_CurrentEXP": 196,
    "BTN": 138,
    "BTN_CurrentEXP": 228,
    "CNJ": 118,
    "CNJ_CurrentEXP": 188,
    "Control": 620,
    "CPMax": 380,
    "CPT": 120,
    "CPT_CurrentEXP": 192,
    "Craftmanship": 616,
    "CriticalHitRate": 444,
    "CUL": 134,
    "CUL_CurrentEXP": 220,
    "Defense": 420,
    "Determination": 512,
    "Dexterity": 344,
    "DirectHit": 424,
    "DRK": 148,
    "DRK_CurrentEXP": 248,
    "EarthResistance": 0,
    "FireResistance": 0,
    "FSH": 140,
    "FSH_CurrentEXP": 232,
    "Gathering": 624,
    "GLD": 108,
    "GLD_CurrentEXP": 168,
    "GPMax": 376,
    "GSM": 126,
    "GSM_CurrentEXP": 204,
    "HealingMagicPotency": 472,
    "HPMax": 364,
    "IceResistance": 0,
    "Intelligence": 352,
    "JobID": 102,
    "LightningResistance": 0,
    "LNC": 114,
    "LNC_CurrentEXP": 180,
    "LTW": 128,
    "LTW_CurrentEXP": 208,
    "MagicDefense": 432,
    "MCH": 146,
    "MCH_CurrentEXP": 244,
    "MIN": 136,
    "MIN_CurrentEXP": 224,
    "Mind": 356,
    "MPMax": 368,
    "MRD": 110,
    "MRD_CurrentEXP": 172,
    "Perception": 628,
    "PGL": 106,
    "PGL_CurrentEXP": 164,
    "PiercingResistance": 0,
    "Piety": 360,
    "RDM": 154,
    "RDM_CurrentEXP": 260,
    "ROG": 144,
    "ROG_CurrentEXP": 240,
    "SAM": 152,
    "SAM_CurrentEXP": 256,
    "SkillSpeed": 516,
    "SlashingResistance": 0,
    "SourceSize": 650,
    "SpellSpeed": 520,
    "Strength": 340,
    "Tenacity": 412,
    "THM": 116,
    "THM_CurrentEXP": 184,
    "TPMax": 372,
    "Vitality": 348,
    "WaterResistance": 0,
    "WindResistance": 0,
    "WVR": 130,
    "WVR_CurrentEXP": 212
  },
  "EnmityItem": {
    "Enmity": 68,
    "ID": 64,
    "Name": 0,
    "SourceSize": 72
  },
  "HotBarItem": {
    "ContainerSize": 3456,
    "ID": 150,
    "ItemSize": 216,
    "KeyBinds": 103,
    "Name": 0
  },
  "InventoryContainer": {
    "Amount": 8
  },
  "InventoryItem": {
    "Amount": 12,
    "Durability": 18,
    "GlamourID": 48,
    "ID": 8,
    "IsHQ": 20,
    "SB": 16,
    "Slot": 4
  },
  "PartyMember": {
    "DefaultStatusEffectOffset": 152,
    "HPCurrent": 36,
    "HPMax": 40,
    "ID": 24,
    "Job": 117,
    "Level": 118,
    "MPCurrent": 44,
    "MPMax": 46,
    "Name": 52,
    "SourceSize": 912,
    "X": 0,
    "Y": 4,
    "Z": 8
  },
  "RecastItem": {
    "ActionProc": 56,
    "Amount": 32,
    "Category": 0,
    "ContainerSize": 1024,
    "CoolDownPercent": 32,
    "Icon": 16,
    "ID": 12,
    "InRange": 60,
    "IsAvailable": 20,
    "ItemSize": 64,
    "RemainingCost": 40,
    "Type": 8
  },
  "StatusItem": {
    "CasterID": 8,
    "Duration": 4,
    "Stacks": 2,
    "StatusID": 0
  },
  "TargetInfo": {
    "Current": 40,
    "CurrentID": 192,
    "Focus": 136,
    "MouseOver": 58,
    "Previous": 160,
    "Size": 9200,
    "SourceSize": 200
  }
}