﻿{
  "ActorItem": {
    "ActionStatus": 6030,
    "AgroFlags": 6057,
    "CastingID": 6916,
    "CastingProgress": 6964,
    "CastingTargetID": 6928,
    "CastingTime": 6968,
    "ClaimedByID": 5832,
    "CombatFlags": 6077,
    "CPCurrent": 5998,
    "CPMax": 6000,
    "DefaultBaseOffset": 0,
    "DefaultStatOffset": 0,
    "DefaultStatusEffectOffset": 6168,
    "DifficultyRank": 6053,
    "Distance": 146,
    "EntityCount": 474,
    "EventObjectType": 190,
    "Fate": 228,
    "GatheringInvisible": 148,
    "GatheringStatus": 145,
    "GPCurrent": 5994,
    "GPMax": 5996,
    "GrandCompany": 6049,
    "GrandCompanyRank": 6049,
    "Heading": 176,
    "HitBoxRadius": 192,
    "HPCurrent": 5976,
    "HPMax": 5980,
    "Icon": 6036,
    "ID": 116,
    "IsCasting1": 6912,
    "IsCasting2": 6913,
    "IsGM": 396,
    "Job": 6032,
    "Level": 6034,
    "ModelID": 6008,
    "MPCurrent": 5984,
    "MPMax": 5988,
    "Name": 48,
    "NPCID1": 120,
    "NPCID2": 128,
    "OwnerID": 132,
    "SourceSize": 9200,
    "Status": 6042,
    "TargetFlags": 148,
    "TargetID": 5956,
    "TargetType": 464,
    "Title": 6002,
    "TPCurrent": 5992,
    "Type": 140,
    "X": 160,
    "Y": 168,
    "Z": 164
  },
  "ChatLogPointers": {
    "LogEnd": 92,
    "LogNext": 84,
    "LogStart": 76,
    "OffsetArrayEnd": 68,
    "OffsetArrayPos": 60,
    "OffsetArrayStart": 52
  },
  "CurrentPlayer": {
    "ACN": 142,
    "ACN_CurrentEXP": 232,
    "ALC": 132,
    "ALC_CurrentEXP": 212,
    "ARC": 112,
    "ARC_CurrentEXP": 172,
    "ARM": 124,
    "ARM_CurrentEXP": 196,
    "AST": 150,
    "AST_CurrentEXP": 248,
    "AttackMagicPotency": 452,
    "AttackPower": 400,
    "BaseDexterity": 300,
    "BaseIntelligence": 308,
    "BaseMind": 312,
    "BasePiety": 316,
    "BaseStrength": 296,
    "BaseVitality": 304,
    "BluntResistance": 0,
    "BSM": 122,
    "BSM_CurrentEXP": 192,
    "BTN": 138,
    "BTN_CurrentEXP": 224,
    "CNJ": 118,
    "CNJ_CurrentEXP": 184,
    "Control": 604,
    "CPMax": 364,
    "CPT": 120,
    "CPT_CurrentEXP": 188,
    "Craftmanship": 600,
    "CriticalHitRate": 428,
    "CUL": 134,
    "CUL_CurrentEXP": 216,
    "Defense": 404,
    "Determination": 496,
    "Dexterity": 328,
    "DirectHit": 408,
    "DRK": 148,
    "DRK_CurrentEXP": 244,
    "EarthResistance": 0,
    "FireResistance": 0,
    "FSH": 140,
    "FSH_CurrentEXP": 228,
    "Gathering": 608,
    "GLD": 108,
    "GLD_CurrentEXP": 164,
    "GPMax": 360,
    "GSM": 126,
    "GSM_CurrentEXP": 200,
    "HealingMagicPotency": 456,
    "HPMax": 348,
    "IceResistance": 0,
    "Intelligence": 336,
    "JobID": 102,
    "LightningResistance": 0,
    "LNC": 114,
    "LNC_CurrentEXP": 176,
    "LTW": 128,
    "LTW_CurrentEXP": 204,
    "MagicDefense": 416,
    "MCH": 146,
    "MCH_CurrentEXP": 240,
    "MIN": 136,
    "MIN_CurrentEXP": 220,
    "Mind": 340,
    "MPMax": 352,
    "MRD": 110,
    "MRD_CurrentEXP": 168,
    "Perception": 612,
    "PGL": 106,
    "PGL_CurrentEXP": 160,
    "PiercingResistance": 0,
    "Piety": 344,
    "RDM": 154,
    "RDM_CurrentEXP": 256,
    "ROG": 144,
    "ROG_CurrentEXP": 236,
    "SAM": 152,
    "SAM_CurrentEXP": 252,
    "SkillSpeed": 500,
    "SlashingResistance": 0,
    "SourceSize": 620,
    "SpellSpeed": 504,
    "Strength": 324,
    "Tenacity": 396,
    "THM": 116,
    "THM_CurrentEXP": 180,
    "TPMax": 356,
    "Vitality": 332,
    "WaterResistance": 0,
    "WindResistance": 0,
    "WVR": 130,
    "WVR_CurrentEXP": 208
  },
  "EnmityItem": {
    "Enmity": 68,
    "ID": 64,
    "Name": 0,
    "SourceSize": 72
  },
  "HotBarItem": {
    "ContainerSize": 3456,
    "ID": 150,
    "ItemSize": 216,
    "KeyBinds": 103,
    "Name": 0
  },
  "InventoryContainer": {
    "Amount": 8
  },
  "InventoryItem": {
    "Amount": 12,
    "Durability": 18,
    "GlamourID": 48,
    "ID": 8,
    "IsHQ": 20,
    "SB": 16,
    "Slot": 4
  },
  "PartyMember": {
    "DefaultStatusEffectOffset": 152,
    "HPCurrent": 36,
    "HPMax": 40,
    "ID": 24,
    "Job": 117,
    "Level": 118,
    "MPCurrent": 44,
    "MPMax": 46,
    "Name": 52,
    "SourceSize": 912,
    "X": 0,
    "Y": 4,
    "Z": 8
  },
  "RecastItem": {
    "ActionProc": 21,
    "Amount": 32,
    "Category": 0,
    "ContainerSize": 704,
    "CoolDownPercent": 20,
    "Icon": 16,
    "ID": 12,
    "InRange": 36,
    "IsAvailable": 24,
    "ItemSize": 44,
    "RemainingCost": 28,
    "Type": 8
  },
  "StatusItem": {
    "CasterID": 8,
    "Duration": 4,
    "Stacks": 2,
    "StatusID": 0
  },
  "TargetInfo": {
    "Current": 40,
    "CurrentID": 192,
    "Focus": 136,
    "MouseOver": 58,
    "Previous": 160,
    "Size": 9200,
    "SourceSize": 200
  }
}